<?xml version="1.0" encoding="UTF-8"?>
<project-private xmlns="http://www.netbeans.org/ns/project-private/1">
    <editor-bookmarks xmlns="http://www.netbeans.org/ns/editor-bookmarks/2" lastBookmarkId="0"/>
    <open-files xmlns="http://www.netbeans.org/ns/projectui-open-files/2">
        <group>
            <file>file:/Users/david/NetBeansProjects/TAP_PRACTICA_MONGO/src/ConexionDB.java</file>
            <file>file:/Users/david/NetBeansProjects/TAP_PRACTICA_MONGO/src/Modificaciones.java</file>
            <file>file:/Users/david/NetBeansProjects/TAP_PRACTICA_MONGO/src/IniciarSesion.java</file>
            <file>file:/Users/david/NetBeansProjects/TAP_PRACTICA_MONGO/src/NewJFrame.java</file>
            <file>file:/Users/david/NetBeansProjects/TAP_PRACTICA_MONGO/src/Conexion_Atlas.java</file>
            <file>file:/Users/david/NetBeansProjects/TAP_PRACTICA_MONGO/src/Hilo.java</file>
        </group>
    </open-files>
</project-private>
